Epoch ID,Start Time,Link,GitHub Mirror
lnaupXQKEEI,2025-05-02T01:14:18+00:00,https://www.gstatic.com/prtokens/keys/lnaupXQKEEI.json, https://raw.githubusercontent.com/explainers-by-googlers/prtoken-reference/refs/heads/main/published_keys/lnaupXQKEEI.json
_2pvrL1Hw60,2025-05-01T01:14:18+00:00,https://www.gstatic.com/prtokens/keys/_2pvrL1Hw60.json, https://raw.githubusercontent.com/explainers-by-googlers/prtoken-reference/refs/heads/main/published_keys/_2pvrL1Hw60.json
wThSsl4-tMQ,2025-04-30T01:14:18+00:00,https://www.gstatic.com/prtokens/keys/wThSsl4-tMQ.json, https://raw.githubusercontent.com/explainers-by-googlers/prtoken-reference/refs/heads/main/published_keys/wThSsl4-tMQ.json
_a9y1GRgR98,2025-04-29T01:14:18+00:00,https://www.gstatic.com/prtokens/keys/_a9y1GRgR98.json, https://raw.githubusercontent.com/explainers-by-googlers/prtoken-reference/refs/heads/main/published_keys/_a9y1GRgR98.json
D7ZXGhX7fYU,2025-04-28T01:14:18+00:00,https://www.gstatic.com/prtokens/keys/D7ZXGhX7fYU.json, https://raw.githubusercontent.com/explainers-by-googlers/prtoken-reference/refs/heads/main/published_keys/D7ZXGhX7fYU.json
M7iezdwvlTA,2025-04-27T01:14:18+00:00,https://www.gstatic.com/prtokens/keys/M7iezdwvlTA.json, https://raw.githubusercontent.com/explainers-by-googlers/prtoken-reference/refs/heads/main/published_keys/M7iezdwvlTA.json
KSoBK0KRdMM,2025-04-26T01:14:18+00:00,https://www.gstatic.com/prtokens/keys/KSoBK0KRdMM.json, https://raw.githubusercontent.com/explainers-by-googlers/prtoken-reference/refs/heads/main/published_keys/KSoBK0KRdMM.json
zjb_RbwXQ7Y,2025-04-25T01:14:18+00:00,https://www.gstatic.com/prtokens/keys/zjb_RbwXQ7Y.json, https://raw.githubusercontent.com/explainers-by-googlers/prtoken-reference/refs/heads/main/published_keys/zjb_RbwXQ7Y.json
FBXK5IQU4xk,2025-04-24T01:14:18+00:00,https://www.gstatic.com/prtokens/keys/FBXK5IQU4xk.json, https://raw.githubusercontent.com/explainers-by-googlers/prtoken-reference/refs/heads/main/published_keys/FBXK5IQU4xk.json
1PxLyXagM2A,2025-04-23T01:14:18+00:00,https://www.gstatic.com/prtokens/keys/1PxLyXagM2A.json, https://raw.githubusercontent.com/explainers-by-googlers/prtoken-reference/refs/heads/main/published_keys/1PxLyXagM2A.json
bv3_ZnSKgPU,2025-04-22T01:14:18+00:00,https://www.gstatic.com/prtokens/keys/bv3_ZnSKgPU.json, https://raw.githubusercontent.com/explainers-by-googlers/prtoken-reference/refs/heads/main/published_keys/bv3_ZnSKgPU.json
SF2xOt0ELUQ,2025-04-21T01:14:18+00:00,https://www.gstatic.com/prtokens/keys/SF2xOt0ELUQ.json, https://raw.githubusercontent.com/explainers-by-googlers/prtoken-reference/refs/heads/main/published_keys/SF2xOt0ELUQ.json
-2WtKOLOqv0,2025-04-20T01:14:18+00:00,https://www.gstatic.com/prtokens/keys/-2WtKOLOqv0.json, https://raw.githubusercontent.com/explainers-by-googlers/prtoken-reference/refs/heads/main/published_keys/-2WtKOLOqv0.json
eX-EewSnV70,2025-04-19T01:14:18+00:00,https://www.gstatic.com/prtokens/keys/eX-EewSnV70.json, https://raw.githubusercontent.com/explainers-by-googlers/prtoken-reference/refs/heads/main/published_keys/eX-EewSnV70.json
h7G3R-p-BEg,2025-04-18T01:14:18+00:00,https://www.gstatic.com/prtokens/keys/h7G3R-p-BEg.json, https://raw.githubusercontent.com/explainers-by-googlers/prtoken-reference/refs/heads/main/published_keys/h7G3R-p-BEg.json
9uCD8kFxTfQ,2025-04-17T01:14:18+00:00,https://www.gstatic.com/prtokens/keys/9uCD8kFxTfQ.json, https://raw.githubusercontent.com/explainers-by-googlers/prtoken-reference/refs/heads/main/published_keys/9uCD8kFxTfQ.json
Fb9KJ8ecfnY,2025-04-16T01:14:18+00:00,https://www.gstatic.com/prtokens/keys/Fb9KJ8ecfnY.json, https://raw.githubusercontent.com/explainers-by-googlers/prtoken-reference/refs/heads/main/published_keys/Fb9KJ8ecfnY.json
tvUTg6Faheg,2025-04-15T01:14:18+00:00,https://www.gstatic.com/prtokens/keys/tvUTg6Faheg.json, https://raw.githubusercontent.com/explainers-by-googlers/prtoken-reference/refs/heads/main/published_keys/tvUTg6Faheg.json
